{"application_scopes":["Global"],"exclude_application_scopes":[],"disabled":false,"bypass_scope":{"expression":"","variables":null},"scope":{"expression":"v1 \u0026\u0026 v2","variables":[{"attribute":"function.name","value":"*"},{"attribute":"function.name","value":"ne-function-example-01"}]},"check_black_ip":false,"check_black_dns":false,"check_crypto_mining":false,"check_port_scan":false,"block_nw_unlink_cont":false,"only_registered_images":false,"block_disallow_images":false,"block_non_compliant_workloads":false,"is_default":false,"use_host_user":false,"name":"jc-man-ne-tf","description":"","type":"runtime.policy","author":"jonathan.campbell+saemea@aquasec.com","version":"1.0","lastupdate":0,"enforce":true,"enable_enforcer_connection_audit":false,"block_inbound_connections":false,"block_outbound_connections":false,"readonly_root":false,"readonly_files":null,"exceptional_readonly_files":null,"readonly_files_processes":null,"exceptional_readonly_files_processes":null,"readonly_files_users":null,"exceptional_readonly_files_users":null,"separate_executables":false,"allow_executables":[],"allow_syscalls":null,"allow_syscalls_counts":null,"allow_root_executables":[],"allow_root":false,"block_root":false,"allow_users":null,"max_processes":0,"encrypt_all_envs":false,"encrypt_env_vars":null,"exec_lockdown":true,"image_lockdown":false,"prevent_privileged":false,"exec_lockdown_white_list":[],"seccomp_profile":"","drop_capabilities":null,"block_packages":null,"exceptional_block_packages_files":null,"block_packages_users":null,"block_packages_processes":null,"exceptional_block_packages_users":null,"exceptional_block_packages_processes":null,"block_files":null,"exceptional_block_files":null,"block_files_processes":null,"exceptional_block_files_processes":null,"block_files_users":null,"exceptional_block_files_users":null,"volumes":null,"block_mounts":false,"no_new_privileges":false,"block_executables":["chmod"],"restricted_volumes":[],"block_container_exec":false,"block_container_exec_proc_white_list":null,"privileged":true,"netmode":true,"pidmode":true,"utsmode":true,"usermode":true,"ipcmode":true,"prevent_root_user":false,"prevent_low_port_binding":false,"block_add_capabilities":false,"audit_all_processes":false,"audit_process_cmdline":false,"audit_all_network":false,"audit_os_user_activity":false,"audit_success_login":false,"audit_failed_login":false,"audit_user_account_management":false,"enforce_selinux":false,"enforce_seccomp":false,"enforce_apparmor":false,"host_policy":{"enabled":false,"group_black_list":null,"group_white_list":null,"user_white_list":null,"user_black_list":null},"block_inbound_ports":null,"block_outbound_ports":null,"runtime_type":"function","tripwire":{"enabled":false,"user_id":"","user_password":"","apply_on":null,"serverless_app":""},"allowed_registries":null,"monitored_files":null,"exceptional_monitored_files":null,"monitored_files_create":false,"monitored_files_read":false,"monitored_files_modify":false,"monitored_files_delete":false,"monitored_files_attributes":false,"monitored_files_processes":null,"exceptional_monitored_files_processes":null,"monitored_files_users":null,"exceptional_monitored_files_users":null,"block_reverse_shell":false,"reverse_shell_proc_white_list":null,"reverse_shell_ip_white_list":null,"audit_systemtime_change":false,"block_fileless_exec":false,"block_non_k8s_containers":false,"audit_brute_force_login":false,"malware_scan_options":{"include_directories":null,"exclude_directories":null,"exclude_processes":null,"action":""},"failed_checks":null}